langoustine, 544, p
bechamel, 59, p
chocolat blanc, 315, g
andouille, 623, p
epices, 151, p
feta, 49, p
poulpe, 693, g
caviar, 538, g
cassonade, 78, p
capucine, 593, p
bacon, 158, p
noix, 22, p
glacons, 225, p
foie gras, 328, p
avoine, 597, p
poitrine fumee, 304, g
fromage frais, 122, g
olive, 64, p
tortilla, 152, p
canard, 195, g
paprika, 92, p
frisee, 464, p
noilly prat, 611, l
kiwi, 229, p
goyave, 247, p
cannelloni, 61, p
choucroute, 526, p
perles de tapioca, 699, p
lait d'amande, 551, l
courge butternut, 506, p
laitue, 153, p
risotto, 318, g
fromage de chevre, 103, p
lait de riz, 706, l
pousse de soja, 745, g
brocciu, 307, p
sbrinz, 674, p
merou, 666, p
pain au lait, 733, p
harissa, 111, p
fromage, 54, p
mangue, 171, p
huile de noisettes, 434, p
truite, 124, p
ail, 40, p
miel, 95, p
gin, 21, p
farine de manioc, 629, g
sucre, 63, p
guacamole, 199, g
cafe, 188, p
colorant, 426, p
eau, 19, p
chicoree, 601, g
shiso, 469, p
speculoos, 250, p
pate fraiche, 741, p
coriandre, 88, p
mache, 196, p
tomate cerise, 553, g
noix de cajou, 359, p
the vert, 539, p
haddock, 523, p
romarin, 77, p
aneth, 166, p
raisin blanc, 660, p
legume, 528, g
lait entier, 245, g
riz basmati, 115, g
maizena, 206, p
bulot, 746, p
citron jaune, 169, p
coeur d'artichaut, 303, p
quatre-epices, 448, p
chocolat noir, 214, g
oie, 297, g
navet, 383, p
oignons grelots, 394, p
cereale, 155, p
sable, 533, p
morille, 485, g
vin rouge, 85, l
pain d'epices, 395, p
ble, 179, p
seitan, 744, g
tripes, 649, p
fraise des bois, 715, g
boursin, 422, g
riesling, 379, l
porto, 174, p
thon, 125, p
the noir, 642, p
sauce worcestershire, 324, p
poule, 371, p
macis, 641, g
poudre d'amande, 205, g
epinard, 293, g
daurade, 319, g
saucisse, 363, p
farine de ble, 367, g
babybel, 617, p
cote de veau, 696, p
galette de riz, 737, p
tournedos, 486, p
magret, 340, p
cresson, 548, p
crabe, 130, g
gouda, 336, p
tomme, 720, g
tranche de jambon fume, 620, p
pimientos, 561, p
rhum, 162, p
potimarron, 419, g
levure, 180, p
quenelle, 472, g
pomelo, 705, p
potiron, 452, g
farce, 445, g
epoisse, 740, p
cassis, 449, p
faisselle, 291, g
denti, 687, p
ratatouille, 416, g
ciboulette, 74, p
boeuf, 238, g
chorizo, 254, p
tagliatelle, 314, g
conchiglioni, 717, p
gombo, 465, g
coing, 421, p
dinde, 208, p
canette, 441, p
eau de rose, 276, p
speck, 624, p
kiri, 481, p
fletan, 535, p
viande, 46, g
graines de pavot, 331, p
tomate jaune, 703, p
fromage blanc, 107, g
tomates sechees, 313, p
graines de moutarde, 217, p
vergeoise, 256, p
estragon, 203, p
sake, 502, l
ciboule, 150, p
creme patissiere, 270, p
ecrevisse, 541, p
betterave, 400, p
graines germees, 185, g
cocos plats, 732, p
feve, 301, p
nutella, 376, p
coppa, 84, p
flocons d'avoine, 273, p
girolle, 322, g
oursin, 584, g
blette, 378, g
echalote, 75, p
grand marnier, 373, p
gousse de vanille, 154, p
aubergine, 0, p
poudre de noisettes, 455, g
concombre, 134, p
confit de canard, 435, p
verveine, 690, p
congre, 560, p
endive, 391, p
palourde, 615, p
herbes, 5, p
merlan, 564, p
haricots rouges, 407, g
oignon, 10, p
mais, 146, g
salsifi, 488, p
pancetta, 579, g
mayonnaise, 144, p
biscuit, 239, p
polenta, 351, g
clementine, 230, p
huile, 36, p
jambon cru, 65, p
jus de truffe, 310, p
farfalle, 574, g
daikon, 559, p
nuoc-mam, 401, p
sel, 42, p
zeste de citron, 337, p
crottin de chavignol, 325, p
sauternes, 714, p
fraise, 282, g
jus de pomme, 458, p
parmesan, 6, g
zeste d'orange, 509, p
vinaigre, 73, p
kasha, 594, g
tomate, 4, g
lentilles corail, 592, g
agar-agar, 219, p
seiche, 390, g
pecorino, 736, p
anchois, 105, p
fumet de poisson, 381, l
cognac, 137, p
cancoillotte, 521, p
capre, 69, p
cacahuetes, 503, p
sorbet, 627, p
pain de mie, 127, p
gigot, 588, p
pigeon, 612, p
papaye, 550, p
gousses d'ail, 27, p
cornichon, 156, p
pate a pizza, 66, p
kirsch, 221, l
lait de soja, 451, l
colin, 527, g
rumsteck, 604, p
roquette, 82, p
rose, 237, p
gewurztraminer, 496, l
brochet, 607, p
melon, 175, p
thon blanc, 723, p
amaretto, 263, p
mandarine, 519, p
cheddar, 132, p
biche, 511, p
gelatine, 147, p
bar, 224, p
abricot, 248, p
pate d'amande, 271, g
graines de lin, 616, p
saucisson, 470, p
petit sale, 311, p
perrier, 713, p
pate a brioche, 633, g
andouillette, 500, p
basilic, 17, p
beurre de coco, 748, g
lentilles, 450, g
pain noir, 618, p
clous de girofle, 116, p
fleur d'oranger, 281, p
jus d'ananas, 227, p
brandy, 557, p
cheveux d'ange, 409, g
lait de brebis, 697, p
feuille de chene, 636, p
munster, 495, g
limande, 580, p
concentre de tomate, 60, p
framboise, 138, p
armagnac, 436, l
poulet, 145, p
fecule, 210, g
eau-de-vie, 265, l
ventreche, 722, p
champagne, 222, p
chou frise, 516, p
mure, 28, p
orange sanguine, 724, p
hareng, 729, p
datte, 417, p
biscotte, 129, p
grenadine, 377, p
creme anglaise, 490, l
chair de crabe, 163, p
noix de coco, 190, p
tandoori, 679, p
entrecote, 614, p
noisette, 332, p
beurre, 1, g
espadon, 652, g
chocolat, 181, g
muesli, 431, p
calamar, 312, p
wasabi, 653, p
huitre, 408, p
lard, 24, g
kub or, 346, p
genoise, 672, p
beaufort, 415, g
panais, 625, p
pepite de chocolat, 602, g
pignon, 76, p
riz arborio, 345, g
volaille, 352, p
grondin, 684, p
petits pois, 302, g
tofu, 587, g
cantal, 191, p
ricotta, 98, g
farine de sarrasin, 590, g
piment despelette, 477, p
nougat, 277, g
rosette, 673, p
blanc d'oeuf, 194, p
penne, 298, p
creme liquide, 14, l
turbot, 582, p
celeri-rave, 457, p
pralin, 251, p
merlu, 583, p
chou rouge, 522, p
farine de mais, 424, p
oseille, 568, g
sirop d'agave, 657, p
jambon de parme, 83, p
tabasco, 139, p
chapelure, 50, p
millet, 630, g
noix de pecan, 566, p
cidre, 305, l
lievre, 682, p
boudoir, 212, p
chantilly, 232, p
pain rond, 731, p
muscade, 47, p
bolognaise, 12, l
jus de tomate, 279, l
pates, 104, p
peche, 274, p
citron confit, 327, p
pois casse, 665, g
sucre de coco, 712, p
cannelle, 56, p
reblochon, 164, p
yaourt, 94, p
margarine, 216, g
perles du japon, 628, g
vanille, 177, p
huile d'olive, 11, p
bonbons au caramel, 710, p
foie de volaille, 613, g
loup, 468, p
couteau, 290, p
beurre de cacahuetes, 600, g
filet de boeuf, 397, g
lait de coco, 176, l
sate, 402, p
cottage cheese, 661, g
salade, 102, p
nectarine, 278, p
sucre blond, 499, g
faux-filet, 577, p
roquefort, 106, g
coulis de framboises, 570, g
comte, 8, g
sumac, 609, p
piment vert, 514, p
moule, 120, p
artichaut, 296, p
puree, 71, g
melisse, 543, p
creme, 25, l
riz, 110, p
sirop, 236, p
bagel, 742, p
sandre, 534, p
caramel, 226, p
pate, 375, p
eau gazeuse, 596, l
colombo, 234, g
poudre a lever, 413, p
farine, 2, g
cochon, 637, p
langres, 542, p
oignon blanc, 360, p
cabillaud, 272, p
chipolata, 112, p
caille, 475, p
vermicelle, 215, p
carrelet, 513, p
wakame, 747, p
pomme, 80, p
filet mignon de porc, 253, p
oeuf, 18, p
safran, 275, p
poivron orange, 598, p
glace, 142, g
boudin, 386, p
fromage de brebis, 686, p
marsala, 563, l
chair a saucisse, 16, g
jambon, 43, p
raisins secs, 96, p
rapadura, 591, g
ciabatta, 483, p
chevre, 41, g
emmental, 308, g
linguine, 350, g
rutabaga, 645, p
cerfeuil, 202, p
riz a sushi, 650, g
bouillon de legumes, 117, l
goji, 658, p
cebette, 135, p
igname, 685, p
muffin, 586, p
chou-fleur, 368, p
filet de porc, 640, g
laurier, 31, p
sirop de rose, 698, l
airelle, 437, g
scampi, 233, g
viande de boeuf, 403, g
encornet, 556, g
quinoa, 356, p
pissenlit, 743, p
sucre roux, 159, p
vinaigre d'alcool blanc, 730, p
canneberge, 725, l
riz rond, 335, p
sauce chili, 439, p
champignon de paris, 323, p
saint-marcellin, 692, p
fruits secs, 473, p
tomate coeur de boeuf, 634, p
poivron jaune, 168, p
courge, 182, p
macaroni, 53, g
calisson, 719, p
pain complet, 529, p
os a moelle, 405, p
lieu, 454, p
poivron vert, 167, p
rascasse, 581, p
macaron, 545, p
cacao, 255, p
brousse, 342, g
patisson, 632, p
raviole, 478, p
lait, 72, p
griotte, 716, g
chouchen, 667, l
ravioli, 654, p
groseille, 414, p
creme de coco, 504, l
crepe, 489, p
poivre, 26, p
cointreau, 241, l
flageolet, 443, p
knacki, 393, p
fenouil, 354, g
petit-suisse, 688, p
litchi, 246, g
sucre vanille, 211, p
ficelle, 585, p
chou blanc, 515, p
chips, 200, p
crevette, 143, p
gnocchi, 482, g
carambole, 738, p
sauce nuoc nam, 207, p
citron vert, 160, p
gorgonzola, 347, g
philadelphia, 427, g
vinaigre balsamique, 79, p
creme de marron, 420, g
cumin, 55, p
graines, 131, p
champignon, 67, p
quetsche, 549, g
maroilles, 428, g
monbazillac, 608, l
dorade, 578, p
thym, 32, p
chou romanesco, 518, g
banane, 231, p
bouillon, 3, l
tortellini, 484, g
bleu d'auvergne, 479, g
cream cheese, 709, p
brebis, 662, g
coq, 165, g
pate sablee, 213, p
haricots verts, 70, g
oeuf dur, 471, p
cacahuete, 466, p
huile de tournesol, 91, p
pastis, 385, p
pistou, 726, p
pois sec, 33, p
creme fleurette, 261, l
suze, 721, p
spaghetti, 316, p
truffe, 492, p
cepe, 382, g
confit d'oignon, 718, p
chou chinois, 365, p
st moret, 663, p
olive verte, 412, p
gros sel, 30, p
filet de daurade, 671, g
curcuma, 321, p
orange, 141, p
noix de saint-jacques, 532, p
avocat, 121, p
fleur de sel, 45, p
bresse bleu, 619, g
jambon de bayonne, 474, p
tomate verte, 704, p
reglisse, 320, p
langouste, 498, p
amande, 173, p
citrouille, 505, p
anguille, 695, p
brioche, 266, g
grenade, 189, p
faisan, 309, p
farine de chataigne, 432, g
raie, 240, p
massala, 384, p
fromage a raclette, 109, p
puree de tomate, 90, g
brick, 286, p
haricots mange-tout, 639, g
jaune d'oeuf, 269, p
sucrine, 447, p
carre frais, 170, p
persil, 29, p
viande des grisons, 571, p
praire, 694, p
haricot, 369, p
jus de mangue, 530, p
feuille de gelatine, 569, p
pain de campagne, 93, p
sauce soja, 149, p
gelee, 283, g
jambon blanc, 97, p
lait concentre, 264, p
maigre, 398, g
prune, 547, p
feuille de menthe, 295, p
dindonneau, 659, p
poivron rouge, 51, p
biscuits a la cuillere, 204, p
coteaux du layon, 739, l
blini, 572, p
origan, 44, p
chataigne, 280, g
mesclun, 186, p
fond de gibier, 562, p
chocolat au lait, 459, p
whisky, 460, l
raisin, 389, g
sauce tomate, 37, l
carotte, 9, p
mirabelle, 546, p
rouget, 300, p
pasteque, 178, p
petit beurre, 643, p
gesier, 326, g
saumon, 123, p
morue, 494, g
beurre sale, 244, g
tapenade, 339, p
feuille de brick, 364, p
jasmin, 707, p
biere, 38, l
couscous, 329, p
salicorne, 558, g
gambas, 157, p
extrait de vanille, 259, p
martini, 284, p
glucose, 728, g
vin, 410, p
crevette rose, 467, p
surimi, 108, g
poire, 344, p
nouilles de riz, 675, g
sole, 128, p
vache qui rit, 333, g
clou de girofle, 380, p
cotes de boeuf, 565, p
triple sec, 536, l
moutarde, 13, p
tamarin, 406, p
kumquat, 444, p
mascarpone, 183, p
homard, 388, g
oignon doux, 172, p
menthe, 68, p
nouilles, 348, g
vodka, 493, p
cuisse de canard, 440, p
croissant, 461, p
corn flakes, 453, g
pistache, 267, g
abondance, 487, g
feuille de basilic, 610, p
petoncle, 669, l
crozet, 735, g
saumon fume, 148, p
pois gourmand, 438, g
crackers, 184, p
sanglier, 456, p
sucre brun, 242, g
lotte, 338, p
puree d'amande, 589, p
limonade, 507, l
pate feuilletee, 34, p
curacao, 249, p
anis, 257, p
fourme d'ambert, 595, g
pain, 52, p
orecchiette, 358, p
brandade de morue, 622, g
raifort, 656, p
smarties, 599, g
miel liquide, 218, p
chartreuse, 677, l
tacos, 670, p
calvados, 442, p
boeuf hache, 114, g
jus de citron, 126, p
extrait de cafe, 517, l
ananas, 193, p
pois chiche, 87, g
algue nori, 655, p
creme de soja, 330, l
pate brisee, 258, g
farine de pois chiche, 510, p
steak, 57, p
farine complete, 366, g
vinaigre de framboises, 691, l
capellini, 644, g
neufchatel, 621, p
piment, 81, p
jus d'orange, 252, l
sauce de soja, 119, p
edamame, 418, g
huile d'arachide, 223, p
lapin, 299, p
tarama, 429, g
oignon rouge, 133, p
jus de pamplemousse rose, 734, p
coca-cola, 648, l
pate a choux, 491, l
merguez, 605, p
celeri, 100, p
vermouth blanc, 540, p
sucre cristallise, 220, p
curry, 86, p
myrtille, 430, g
boulgour, 89, g
farine de riz, 501, g
sardine, 140, p
chair, 62, g
huile de coco, 512, p
blanc de poulet, 287, g
bresaola, 646, p
tequila, 626, l
bun, 635, p
fructose, 288, g
coeur de palmier, 187, p
sauge, 113, p
confiture, 289, g
patate douce, 361, p
radis, 567, p
brie, 525, p
creme fraiche epaisse, 35, g
poivron, 48, p
pomme de terre, 357, p
lavande, 285, p
bifteck, 727, p
matcha, 708, p
genievre, 399, p
sarrasin, 198, p
rillette, 433, p
beurre demi-sel, 423, g
asperge, 317, p
saumonette, 387, g
ortie, 396, g
pesto, 201, p
tomate confite, 678, p
vinaigre de riz, 118, p
ble noir, 631, g
figue, 192, g
garam masala, 680, p
azuki, 651, p
baguette, 136, p
mousseron, 700, p
citron, 39, p
topinambour, 463, p
muscat, 262, p
pectine, 294, p
chou, 372, g
pintade, 476, p
batavia, 23, p
mimolette, 370, g
gruyere, 15, g
liqueur, 268, p
badiane, 243, p
meringue, 260, p
mouton, 638, p
citronnelle, 554, p
graines de fenouil, 99, p
morbier, 701, g
porc, 235, g
branche de celeri, 343, p
mortadelle, 647, g
boudin noir, 573, p
escargot, 197, g
bouillon de poisson, 462, l
poitrine de porc, 334, p
kaki, 575, p
genepi, 603, p
yakitori, 411, p
orange confite, 668, p
orge, 664, g
physalis, 552, p
cuisse de poulet, 689, p
angostura, 531, p
cerise, 161, p
pamplemousse, 374, p
bavette, 676, p
brocoli, 353, p
poisson, 524, p
mozzarella, 20, p
vinaigre de cidre, 520, l
autruche, 576, p
fruits rouges, 228, p
bicarbonate, 341, p
perche, 683, p
chapon, 446, p
marshmallow, 425, g
pleurote, 392, g
chevreuil, 681, p
lasagne, 7, p
saindoux, 606, g
the, 292, l
bouillon de volaille, 58, p
haricots blancs, 508, g
marron, 497, p
tapioca, 349, g
fevette, 711, g
olive noire, 702, g
vin blanc, 101, p
champagne rose, 537, p
cardamome, 404, p
miso, 555, p
camembert, 362, p
bouquet garni, 306, p
huile de sesame, 209, p
grappe de groseille, 355, p
cive, 480, p
